gs://lego-vs-generic/Bricks/img139.jpg,Bricks
gs://lego-vs-generic/Bricks/img165.jpg,Bricks
gs://lego-vs-generic/Bricks/img98.jpg,Bricks
gs://lego-vs-generic/Bricks/img146.jpg,Bricks
gs://lego-vs-generic/Bricks/img111.jpg,Bricks
gs://lego-vs-generic/Bricks/img67.jpg,Bricks
gs://lego-vs-generic/Bricks/img193.jpg,Bricks
gs://lego-vs-generic/Bricks/img97.jpg,Bricks
gs://lego-vs-generic/Bricks/img118.jpg,Bricks
gs://lego-vs-generic/Bricks/img115.jpg,Bricks
gs://lego-vs-generic/Bricks/img27.jpg,Bricks
gs://lego-vs-generic/Bricks/img127.jpg,Bricks
gs://lego-vs-generic/Bricks/img108.jpg,Bricks
gs://lego-vs-generic/Bricks/img59.jpg,Bricks
gs://lego-vs-generic/Bricks/img46.jpg,Bricks
gs://lego-vs-generic/Bricks/img50.jpg,Bricks
gs://lego-vs-generic/Bricks/img137.jpg,Bricks
gs://lego-vs-generic/Bricks/img182.jpg,Bricks
gs://lego-vs-generic/Bricks/img189.jpg,Bricks
gs://lego-vs-generic/Bricks/img30.jpg,Bricks
gs://lego-vs-generic/Bricks/img161.jpg,Bricks
gs://lego-vs-generic/Bricks/img38.jpg,Bricks
gs://lego-vs-generic/Bricks/img104.jpg,Bricks
gs://lego-vs-generic/Bricks/img175.jpg,Bricks
gs://lego-vs-generic/Bricks/img4.jpg,Bricks
gs://lego-vs-generic/Bricks/img24.jpg,Bricks
gs://lego-vs-generic/Bricks/img120.jpg,Bricks
gs://lego-vs-generic/Bricks/img154.jpg,Bricks
gs://lego-vs-generic/Bricks/img55.jpg,Bricks
gs://lego-vs-generic/Bricks/img49.jpg,Bricks
gs://lego-vs-generic/Bricks/img95.jpg,Bricks
gs://lego-vs-generic/Bricks/img159.jpg,Bricks
gs://lego-vs-generic/Bricks/img48.jpg,Bricks
gs://lego-vs-generic/Bricks/img5.jpg,Bricks
gs://lego-vs-generic/Bricks/img155.jpg,Bricks
gs://lego-vs-generic/Bricks/img143.jpg,Bricks
gs://lego-vs-generic/Bricks/img11.jpg,Bricks
gs://lego-vs-generic/Bricks/img92.jpg,Bricks
gs://lego-vs-generic/Bricks/img53.jpg,Bricks
gs://lego-vs-generic/Bricks/img177.jpg,Bricks
gs://lego-vs-generic/Bricks/img57.jpg,Bricks
gs://lego-vs-generic/Bricks/img68.jpg,Bricks
gs://lego-vs-generic/Bricks/img22.jpg,Bricks
gs://lego-vs-generic/Bricks/img186.jpg,Bricks
gs://lego-vs-generic/Bricks/img132.jpg,Bricks
gs://lego-vs-generic/Bricks/img84.jpg,Bricks
gs://lego-vs-generic/Bricks/img188.jpg,Bricks
gs://lego-vs-generic/Bricks/img70.jpg,Bricks
gs://lego-vs-generic/Bricks/img36.jpg,Bricks
gs://lego-vs-generic/Bricks/img25.jpg,Bricks
gs://lego-vs-generic/Bricks/img64.jpg,Bricks
gs://lego-vs-generic/Bricks/img19.jpg,Bricks
gs://lego-vs-generic/Bricks/img13.jpg,Bricks
gs://lego-vs-generic/Bricks/img107.jpg,Bricks
gs://lego-vs-generic/Bricks/img148.jpg,Bricks
gs://lego-vs-generic/Bricks/img99.jpg,Bricks
gs://lego-vs-generic/Bricks/img3.jpg,Bricks
gs://lego-vs-generic/Bricks/img180.jpg,Bricks
gs://lego-vs-generic/Bricks/img16.jpg,Bricks
gs://lego-vs-generic/Bricks/img34.jpg,Bricks
gs://lego-vs-generic/Bricks/img6.jpg,Bricks
gs://lego-vs-generic/Bricks/img90.jpg,Bricks
gs://lego-vs-generic/Bricks/img152.jpg,Bricks
gs://lego-vs-generic/Bricks/img101.jpg,Bricks
gs://lego-vs-generic/Bricks/img134.jpg,Bricks
gs://lego-vs-generic/Bricks/img96.jpg,Bricks
gs://lego-vs-generic/Bricks/img41.jpg,Bricks
gs://lego-vs-generic/Bricks/img192.jpg,Bricks
gs://lego-vs-generic/Bricks/img103.jpg,Bricks
gs://lego-vs-generic/Bricks/img181.jpg,Bricks
gs://lego-vs-generic/Bricks/img187.jpg,Bricks
gs://lego-vs-generic/Bricks/img81.jpg,Bricks
gs://lego-vs-generic/Bricks/img198.jpg,Bricks
gs://lego-vs-generic/Bricks/img125.jpg,Bricks
gs://lego-vs-generic/Bricks/img141.jpg,Bricks
gs://lego-vs-generic/Bricks/img31.jpg,Bricks
gs://lego-vs-generic/Bricks/img28.jpg,Bricks
gs://lego-vs-generic/Bricks/img199.jpg,Bricks
gs://lego-vs-generic/Bricks/img17.jpg,Bricks
gs://lego-vs-generic/Bricks/img102.jpg,Bricks
gs://lego-vs-generic/Bricks/img47.jpg,Bricks
gs://lego-vs-generic/Bricks/img195.jpg,Bricks
gs://lego-vs-generic/Bricks/img164.jpg,Bricks
gs://lego-vs-generic/Bricks/img106.jpg,Bricks
gs://lego-vs-generic/Bricks/img83.jpg,Bricks
gs://lego-vs-generic/Bricks/img114.jpg,Bricks
gs://lego-vs-generic/Bricks/img157.jpg,Bricks
gs://lego-vs-generic/Bricks/img167.jpg,Bricks
gs://lego-vs-generic/Bricks/img65.jpg,Bricks
gs://lego-vs-generic/Bricks/img144.jpg,Bricks
gs://lego-vs-generic/Bricks/img163.jpg,Bricks
gs://lego-vs-generic/Bricks/img45.jpg,Bricks
gs://lego-vs-generic/Bricks/img37.jpg,Bricks
gs://lego-vs-generic/Bricks/img124.jpg,Bricks
gs://lego-vs-generic/Bricks/img39.jpg,Bricks
gs://lego-vs-generic/Bricks/img178.jpg,Bricks
gs://lego-vs-generic/Bricks/img66.jpg,Bricks
gs://lego-vs-generic/Bricks/img172.jpg,Bricks
gs://lego-vs-generic/Bricks/img69.jpg,Bricks
gs://lego-vs-generic/Bricks/img138.jpg,Bricks
gs://lego-vs-generic/Bricks/img109.jpg,Bricks
gs://lego-vs-generic/Bricks/img89.jpg,Bricks
gs://lego-vs-generic/Bricks/img112.jpg,Bricks
gs://lego-vs-generic/Bricks/img184.jpg,Bricks
gs://lego-vs-generic/Bricks/img131.jpg,Bricks
gs://lego-vs-generic/Bricks/img33.jpg,Bricks
gs://lego-vs-generic/Bricks/img142.jpg,Bricks
gs://lego-vs-generic/Bricks/img26.jpg,Bricks
gs://lego-vs-generic/Bricks/img29.jpg,Bricks
gs://lego-vs-generic/Bricks/img14.jpg,Bricks
gs://lego-vs-generic/Bricks/img190.jpg,Bricks
gs://lego-vs-generic/Bricks/img56.jpg,Bricks
gs://lego-vs-generic/Bricks/img77.jpg,Bricks
gs://lego-vs-generic/Bricks/img1.jpg,Bricks
gs://lego-vs-generic/Bricks/img72.jpg,Bricks
gs://lego-vs-generic/Bricks/img197.jpg,Bricks
gs://lego-vs-generic/Bricks/img123.jpg,Bricks
gs://lego-vs-generic/Bricks/img130.jpg,Bricks
gs://lego-vs-generic/Bricks/img121.jpg,Bricks
gs://lego-vs-generic/Bricks/img160.jpg,Bricks
gs://lego-vs-generic/Bricks/img116.jpg,Bricks
gs://lego-vs-generic/Bricks/img166.jpg,Bricks
gs://lego-vs-generic/Bricks/img58.jpg,Bricks
gs://lego-vs-generic/Bricks/img191.jpg,Bricks
gs://lego-vs-generic/Bricks/img43.jpg,Bricks
gs://lego-vs-generic/Bricks/img74.jpg,Bricks
gs://lego-vs-generic/Bricks/img35.jpg,Bricks
gs://lego-vs-generic/Bricks/img149.jpg,Bricks
gs://lego-vs-generic/Bricks/img54.jpg,Bricks
gs://lego-vs-generic/Bricks/img75.jpg,Bricks
gs://lego-vs-generic/Bricks/img105.jpg,Bricks
gs://lego-vs-generic/Bricks/img119.jpg,Bricks
gs://lego-vs-generic/Bricks/img76.jpg,Bricks
gs://lego-vs-generic/Bricks/img63.jpg,Bricks
gs://lego-vs-generic/Bricks/img151.jpg,Bricks
gs://lego-vs-generic/Bricks/img117.jpg,Bricks
gs://lego-vs-generic/Bricks/img128.jpg,Bricks
gs://lego-vs-generic/Bricks/img87.jpg,Bricks
gs://lego-vs-generic/Bricks/img40.jpg,Bricks
gs://lego-vs-generic/Bricks/img168.jpg,Bricks
gs://lego-vs-generic/Bricks/img21.jpg,Bricks
gs://lego-vs-generic/Bricks/img82.jpg,Bricks
gs://lego-vs-generic/Bricks/img110.jpg,Bricks
gs://lego-vs-generic/Bricks/img158.jpg,Bricks
gs://lego-vs-generic/Bricks/img122.jpg,Bricks
gs://lego-vs-generic/Bricks/img153.jpg,Bricks
gs://lego-vs-generic/Bricks/img174.jpg,Bricks
gs://lego-vs-generic/Bricks/img71.jpg,Bricks
gs://lego-vs-generic/Bricks/img126.jpg,Bricks
gs://lego-vs-generic/Bricks/img18.jpg,Bricks
gs://lego-vs-generic/Bricks/img79.jpg,Bricks
gs://lego-vs-generic/Bricks/img183.jpg,Bricks
gs://lego-vs-generic/Bricks/img176.jpg,Bricks
gs://lego-vs-generic/Bricks/img196.jpg,Bricks
gs://lego-vs-generic/Bricks/img179.jpg,Bricks
gs://lego-vs-generic/Bricks/img173.jpg,Bricks
gs://lego-vs-generic/Bricks/img93.jpg,Bricks
gs://lego-vs-generic/Bricks/img52.jpg,Bricks
gs://lego-vs-generic/Bricks/img51.jpg,Bricks
gs://lego-vs-generic/Bricks/img20.jpg,Bricks
gs://lego-vs-generic/Bricks/img150.jpg,Bricks
gs://lego-vs-generic/Bricks/img32.jpg,Bricks
gs://lego-vs-generic/Bricks/img169.jpg,Bricks
gs://lego-vs-generic/Bricks/img86.jpg,Bricks
gs://lego-vs-generic/Bricks/img100.jpg,Bricks
gs://lego-vs-generic/Bricks/img42.jpg,Bricks
gs://lego-vs-generic/Bricks/img73.jpg,Bricks
gs://lego-vs-generic/Bricks/img194.jpg,Bricks
gs://lego-vs-generic/Bricks/img7.jpg,Bricks
gs://lego-vs-generic/Bricks/img61.jpg,Bricks
gs://lego-vs-generic/Bricks/img133.jpg,Bricks
gs://lego-vs-generic/Bricks/img170.jpg,Bricks
gs://lego-vs-generic/Bricks/img78.jpg,Bricks
gs://lego-vs-generic/Bricks/img60.jpg,Bricks
gs://lego-vs-generic/Bricks/img80.jpg,Bricks
gs://lego-vs-generic/Bricks/img140.jpg,Bricks
gs://lego-vs-generic/Bricks/img62.jpg,Bricks
gs://lego-vs-generic/Bricks/img91.jpg,Bricks
gs://lego-vs-generic/Bricks/img162.jpg,Bricks
gs://lego-vs-generic/Bricks/img88.jpg,Bricks
gs://lego-vs-generic/Bricks/img15.jpg,Bricks
gs://lego-vs-generic/Bricks/img185.jpg,Bricks
gs://lego-vs-generic/Bricks/img94.jpg,Bricks
gs://lego-vs-generic/Bricks/img136.jpg,Bricks
gs://lego-vs-generic/Bricks/img113.jpg,Bricks
gs://lego-vs-generic/Bricks/img44.jpg,Bricks
gs://lego-vs-generic/Bricks/img156.jpg,Bricks
gs://lego-vs-generic/Bricks/img8.jpg,Bricks
gs://lego-vs-generic/Bricks/img12.jpg,Bricks
gs://lego-vs-generic/Bricks/img171.jpg,Bricks
gs://lego-vs-generic/Bricks/img9.jpg,Bricks
gs://lego-vs-generic/Bricks/img23.jpg,Bricks
gs://lego-vs-generic/Bricks/img129.jpg,Bricks
gs://lego-vs-generic/Bricks/img10.jpg,Bricks
gs://lego-vs-generic/Bricks/img147.jpg,Bricks
gs://lego-vs-generic/Bricks/img85.jpg,Bricks
gs://lego-vs-generic/Bricks/img135.jpg,Bricks
gs://lego-vs-generic/Bricks/img2.jpg,Bricks
gs://lego-vs-generic/Bricks/img145.jpg,Bricks
gs://lego-vs-generic/Bricks/img200.jpg,Bricks
gs://lego-vs-generic/Legos/img139.jpg,Legos
gs://lego-vs-generic/Legos/img165.jpg,Legos
gs://lego-vs-generic/Legos/img98.jpg,Legos
gs://lego-vs-generic/Legos/img146.jpg,Legos
gs://lego-vs-generic/Legos/img111.jpg,Legos
gs://lego-vs-generic/Legos/img67.jpg,Legos
gs://lego-vs-generic/Legos/img193.jpg,Legos
gs://lego-vs-generic/Legos/img97.jpg,Legos
gs://lego-vs-generic/Legos/img118.jpg,Legos
gs://lego-vs-generic/Legos/img115.jpg,Legos
gs://lego-vs-generic/Legos/img27.jpg,Legos
gs://lego-vs-generic/Legos/img127.jpg,Legos
gs://lego-vs-generic/Legos/img108.jpg,Legos
gs://lego-vs-generic/Legos/img59.jpg,Legos
gs://lego-vs-generic/Legos/img46.jpg,Legos
gs://lego-vs-generic/Legos/img50.jpg,Legos
gs://lego-vs-generic/Legos/img137.jpg,Legos
gs://lego-vs-generic/Legos/img182.jpg,Legos
gs://lego-vs-generic/Legos/img189.jpg,Legos
gs://lego-vs-generic/Legos/img30.jpg,Legos
gs://lego-vs-generic/Legos/img161.jpg,Legos
gs://lego-vs-generic/Legos/img38.jpg,Legos
gs://lego-vs-generic/Legos/img104.jpg,Legos
gs://lego-vs-generic/Legos/img175.jpg,Legos
gs://lego-vs-generic/Legos/img4.jpg,Legos
gs://lego-vs-generic/Legos/img24.jpg,Legos
gs://lego-vs-generic/Legos/img120.jpg,Legos
gs://lego-vs-generic/Legos/img154.jpg,Legos
gs://lego-vs-generic/Legos/img55.jpg,Legos
gs://lego-vs-generic/Legos/img49.jpg,Legos
gs://lego-vs-generic/Legos/img95.jpg,Legos
gs://lego-vs-generic/Legos/img159.jpg,Legos
gs://lego-vs-generic/Legos/img48.jpg,Legos
gs://lego-vs-generic/Legos/img5.jpg,Legos
gs://lego-vs-generic/Legos/img155.jpg,Legos
gs://lego-vs-generic/Legos/img143.jpg,Legos
gs://lego-vs-generic/Legos/img11.jpg,Legos
gs://lego-vs-generic/Legos/img92.jpg,Legos
gs://lego-vs-generic/Legos/img53.jpg,Legos
gs://lego-vs-generic/Legos/img177.jpg,Legos
gs://lego-vs-generic/Legos/img57.jpg,Legos
gs://lego-vs-generic/Legos/img68.jpg,Legos
gs://lego-vs-generic/Legos/img22.jpg,Legos
gs://lego-vs-generic/Legos/img186.jpg,Legos
gs://lego-vs-generic/Legos/img132.jpg,Legos
gs://lego-vs-generic/Legos/img84.jpg,Legos
gs://lego-vs-generic/Legos/img188.jpg,Legos
gs://lego-vs-generic/Legos/img70.jpg,Legos
gs://lego-vs-generic/Legos/img36.jpg,Legos
gs://lego-vs-generic/Legos/img25.jpg,Legos
gs://lego-vs-generic/Legos/img64.jpg,Legos
gs://lego-vs-generic/Legos/img19.jpg,Legos
gs://lego-vs-generic/Legos/img13.jpg,Legos
gs://lego-vs-generic/Legos/img107.jpg,Legos
gs://lego-vs-generic/Legos/img148.jpg,Legos
gs://lego-vs-generic/Legos/img99.jpg,Legos
gs://lego-vs-generic/Legos/img3.jpg,Legos
gs://lego-vs-generic/Legos/img0.jpg,Legos
gs://lego-vs-generic/Legos/img180.jpg,Legos
gs://lego-vs-generic/Legos/img16.jpg,Legos
gs://lego-vs-generic/Legos/img34.jpg,Legos
gs://lego-vs-generic/Legos/img6.jpg,Legos
gs://lego-vs-generic/Legos/img90.jpg,Legos
gs://lego-vs-generic/Legos/img152.jpg,Legos
gs://lego-vs-generic/Legos/img101.jpg,Legos
gs://lego-vs-generic/Legos/img134.jpg,Legos
gs://lego-vs-generic/Legos/img96.jpg,Legos
gs://lego-vs-generic/Legos/img41.jpg,Legos
gs://lego-vs-generic/Legos/img192.jpg,Legos
gs://lego-vs-generic/Legos/img103.jpg,Legos
gs://lego-vs-generic/Legos/img181.jpg,Legos
gs://lego-vs-generic/Legos/img187.jpg,Legos
gs://lego-vs-generic/Legos/img81.jpg,Legos
gs://lego-vs-generic/Legos/img198.jpg,Legos
gs://lego-vs-generic/Legos/img125.jpg,Legos
gs://lego-vs-generic/Legos/img141.jpg,Legos
gs://lego-vs-generic/Legos/img31.jpg,Legos
gs://lego-vs-generic/Legos/img28.jpg,Legos
gs://lego-vs-generic/Legos/img199.jpg,Legos
gs://lego-vs-generic/Legos/img17.jpg,Legos
gs://lego-vs-generic/Legos/img102.jpg,Legos
gs://lego-vs-generic/Legos/img47.jpg,Legos
gs://lego-vs-generic/Legos/img195.jpg,Legos
gs://lego-vs-generic/Legos/img164.jpg,Legos
gs://lego-vs-generic/Legos/img106.jpg,Legos
gs://lego-vs-generic/Legos/img83.jpg,Legos
gs://lego-vs-generic/Legos/img114.jpg,Legos
gs://lego-vs-generic/Legos/img157.jpg,Legos
gs://lego-vs-generic/Legos/img167.jpg,Legos
gs://lego-vs-generic/Legos/img65.jpg,Legos
gs://lego-vs-generic/Legos/img144.jpg,Legos
gs://lego-vs-generic/Legos/img163.jpg,Legos
gs://lego-vs-generic/Legos/img45.jpg,Legos
gs://lego-vs-generic/Legos/img37.jpg,Legos
gs://lego-vs-generic/Legos/img124.jpg,Legos
gs://lego-vs-generic/Legos/img39.jpg,Legos
gs://lego-vs-generic/Legos/img178.jpg,Legos
gs://lego-vs-generic/Legos/img66.jpg,Legos
gs://lego-vs-generic/Legos/img172.jpg,Legos
gs://lego-vs-generic/Legos/img69.jpg,Legos
gs://lego-vs-generic/Legos/img138.jpg,Legos
gs://lego-vs-generic/Legos/img109.jpg,Legos
gs://lego-vs-generic/Legos/img89.jpg,Legos
gs://lego-vs-generic/Legos/img112.jpg,Legos
gs://lego-vs-generic/Legos/img184.jpg,Legos
gs://lego-vs-generic/Legos/img131.jpg,Legos
gs://lego-vs-generic/Legos/img33.jpg,Legos
gs://lego-vs-generic/Legos/img142.jpg,Legos
gs://lego-vs-generic/Legos/img26.jpg,Legos
gs://lego-vs-generic/Legos/img29.jpg,Legos
gs://lego-vs-generic/Legos/img14.jpg,Legos
gs://lego-vs-generic/Legos/img190.jpg,Legos
gs://lego-vs-generic/Legos/img56.jpg,Legos
gs://lego-vs-generic/Legos/img77.jpg,Legos
gs://lego-vs-generic/Legos/img1.jpg,Legos
gs://lego-vs-generic/Legos/img72.jpg,Legos
gs://lego-vs-generic/Legos/img197.jpg,Legos
gs://lego-vs-generic/Legos/img123.jpg,Legos
gs://lego-vs-generic/Legos/img130.jpg,Legos
gs://lego-vs-generic/Legos/img121.jpg,Legos
gs://lego-vs-generic/Legos/img160.jpg,Legos
gs://lego-vs-generic/Legos/img116.jpg,Legos
gs://lego-vs-generic/Legos/img166.jpg,Legos
gs://lego-vs-generic/Legos/img58.jpg,Legos
gs://lego-vs-generic/Legos/img191.jpg,Legos
gs://lego-vs-generic/Legos/img43.jpg,Legos
gs://lego-vs-generic/Legos/img74.jpg,Legos
gs://lego-vs-generic/Legos/img35.jpg,Legos
gs://lego-vs-generic/Legos/img149.jpg,Legos
gs://lego-vs-generic/Legos/img54.jpg,Legos
gs://lego-vs-generic/Legos/img75.jpg,Legos
gs://lego-vs-generic/Legos/img105.jpg,Legos
gs://lego-vs-generic/Legos/img119.jpg,Legos
gs://lego-vs-generic/Legos/img76.jpg,Legos
gs://lego-vs-generic/Legos/img63.jpg,Legos
gs://lego-vs-generic/Legos/img151.jpg,Legos
gs://lego-vs-generic/Legos/img117.jpg,Legos
gs://lego-vs-generic/Legos/img128.jpg,Legos
gs://lego-vs-generic/Legos/img87.jpg,Legos
gs://lego-vs-generic/Legos/img40.jpg,Legos
gs://lego-vs-generic/Legos/img168.jpg,Legos
gs://lego-vs-generic/Legos/img21.jpg,Legos
gs://lego-vs-generic/Legos/img82.jpg,Legos
gs://lego-vs-generic/Legos/img110.jpg,Legos
gs://lego-vs-generic/Legos/img158.jpg,Legos
gs://lego-vs-generic/Legos/img122.jpg,Legos
gs://lego-vs-generic/Legos/img153.jpg,Legos
gs://lego-vs-generic/Legos/img174.jpg,Legos
gs://lego-vs-generic/Legos/img71.jpg,Legos
gs://lego-vs-generic/Legos/img126.jpg,Legos
gs://lego-vs-generic/Legos/img18.jpg,Legos
gs://lego-vs-generic/Legos/img79.jpg,Legos
gs://lego-vs-generic/Legos/img183.jpg,Legos
gs://lego-vs-generic/Legos/img176.jpg,Legos
gs://lego-vs-generic/Legos/img196.jpg,Legos
gs://lego-vs-generic/Legos/img179.jpg,Legos
gs://lego-vs-generic/Legos/img173.jpg,Legos
gs://lego-vs-generic/Legos/img93.jpg,Legos
gs://lego-vs-generic/Legos/img52.jpg,Legos
gs://lego-vs-generic/Legos/img51.jpg,Legos
gs://lego-vs-generic/Legos/img20.jpg,Legos
gs://lego-vs-generic/Legos/img150.jpg,Legos
gs://lego-vs-generic/Legos/img32.jpg,Legos
gs://lego-vs-generic/Legos/img169.jpg,Legos
gs://lego-vs-generic/Legos/img86.jpg,Legos
gs://lego-vs-generic/Legos/img100.jpg,Legos
gs://lego-vs-generic/Legos/img42.jpg,Legos
gs://lego-vs-generic/Legos/img73.jpg,Legos
gs://lego-vs-generic/Legos/img194.jpg,Legos
gs://lego-vs-generic/Legos/img7.jpg,Legos
gs://lego-vs-generic/Legos/img61.jpg,Legos
gs://lego-vs-generic/Legos/img133.jpg,Legos
gs://lego-vs-generic/Legos/img170.jpg,Legos
gs://lego-vs-generic/Legos/img78.jpg,Legos
gs://lego-vs-generic/Legos/img60.jpg,Legos
gs://lego-vs-generic/Legos/img80.jpg,Legos
gs://lego-vs-generic/Legos/img140.jpg,Legos
gs://lego-vs-generic/Legos/img62.jpg,Legos
gs://lego-vs-generic/Legos/img91.jpg,Legos
gs://lego-vs-generic/Legos/img162.jpg,Legos
gs://lego-vs-generic/Legos/img88.jpg,Legos
gs://lego-vs-generic/Legos/img15.jpg,Legos
gs://lego-vs-generic/Legos/img185.jpg,Legos
gs://lego-vs-generic/Legos/img94.jpg,Legos
gs://lego-vs-generic/Legos/img136.jpg,Legos
gs://lego-vs-generic/Legos/img113.jpg,Legos
gs://lego-vs-generic/Legos/img44.jpg,Legos
gs://lego-vs-generic/Legos/img156.jpg,Legos
gs://lego-vs-generic/Legos/img8.jpg,Legos
gs://lego-vs-generic/Legos/img12.jpg,Legos
gs://lego-vs-generic/Legos/img171.jpg,Legos
gs://lego-vs-generic/Legos/img9.jpg,Legos
gs://lego-vs-generic/Legos/img23.jpg,Legos
gs://lego-vs-generic/Legos/img129.jpg,Legos
gs://lego-vs-generic/Legos/img10.jpg,Legos
gs://lego-vs-generic/Legos/img147.jpg,Legos
gs://lego-vs-generic/Legos/img85.jpg,Legos
gs://lego-vs-generic/Legos/img135.jpg,Legos
gs://lego-vs-generic/Legos/img2.jpg,Legos
gs://lego-vs-generic/Legos/img145.jpg,Legos
